{"episode/reward": 16.0, "episode/length": 16, "episode/time": 0.0015208721160888672, "episode/reward_per_time": 10520.279667659508, "_timestamp": 1758837273.345533, "_runtime": 1.983886957168579, "_step": 2, "_wandb": {"runtime": 1}}