{"episode/reward": 26.0, "episode/length": 26, "episode/time": 0.0010058879852294922, "episode/reward_per_time": 25847.808485423087, "_timestamp": 1758834287.7424881, "_runtime": 1.8458812236785889, "_step": 2, "_wandb": {"runtime": 1}}